{"cameraMode":{"drawMode":0,"name":"Shaded","section":"Shading Mode"},"sceneLighting":true,"audioPlay":false,"sceneViewState":{"m_AlwaysRefresh":false,"showFog":true,"showSkybox":true,"showFlares":true,"showImageEffects":true,"showParticleSystems":true,"showVisualEffectGraphs":true,"m_FxEnabled":true},"in2DMode":false,"pivot":{"x":-0.09239816665649414,"y":-1.9574360847473145,"z":-19.825422286987306},"rotation":{"x":0.002302133943885565,"y":0.9939163327217102,"z":-0.10807344317436218,"w":0.021174414083361627},"size":13.751115798950196,"orthographic":false}